epoch,step,train_loss
0,49,0.2970598638057709
0,99,0.2689273953437805
0,149,0.270217627286911
0,199,0.2671835124492645
