epoch,step,train_loss,val_loss
0,49,0.25902438163757324,
0,55,,6.25879430770874
1,99,0.3332282602787018,
1,111,,6.25879430770874
2,149,0.12656214833259583,
2,167,,6.25879430770874
3,199,0.2220151722431183,
3,223,,6.25879430770874
4,249,0.14912626147270203,
4,279,,6.25879430770874
5,299,0.12598520517349243,
