epoch,step,train_loss,val_loss
0,49,0.09963639825582504,
0,55,,6.118236064910889
1,99,0.1406044214963913,
