epoch,step,train_loss,val_loss
0,49,0.8754369616508484,
0,55,,0.681533694267273
1,99,0.5322518944740295,
1,111,,0.6025273203849792
2,149,0.6050751209259033,
