epoch,step,train_loss,val_loss
0,49,0.1377914994955063,
0,55,,0.15466149151325226
1,99,0.2221854031085968,
1,111,,0.23268593847751617
2,149,0.0907115712761879,
2,167,,0.15560348331928253
3,199,0.12722094357013702,
3,223,,0.11777414381504059
4,249,0.11418972909450531,
4,279,,0.12019149214029312
5,299,0.1256823092699051,
