epoch,step,train_loss,val_loss
0,49,0.0,
0,55,,1.2636700868606567
1,99,0.0,
1,111,,1.2636700868606567
